InvoiceDate,month_name
12/01/2010 08:26,January
12/01/2010 08:26,January
12/01/2010 08:26,January
12/01/2010 08:26,January
12/01/2010 08:26,January
12/01/2010 08:26,January
12/01/2010 08:26,January
12/01/2010 08:28,January
12/01/2010 08:28,January
12/01/2010 08:34,January
12/01/2010 08:34,January
12/01/2010 08:34,January
12/01/2010 08:34,January
12/01/2010 08:34,January
12/01/2010 08:34,January
12/01/2010 08:34,January
12/01/2010 08:34,January
12/01/2010 08:34,January
12/01/2010 08:34,January
12/01/2010 08:34,January
12/01/2010 08:34,January
12/01/2010 08:34,January
12/01/2010 08:34,January
12/01/2010 08:34,January
12/01/2010 08:34,January
12/01/2010 08:35,January
12/01/2010 08:45,January
12/01/2010 08:45,January
12/01/2010 08:45,January
12/01/2010 08:45,January
12/01/2010 08:45,January
12/01/2010 08:45,January
12/01/2010 08:45,January
12/01/2010 08:45,January
12/01/2010 08:45,January
12/01/2010 08:45,January
12/01/2010 08:45,January
12/01/2010 08:45,January
12/01/2010 08:45,January
12/01/2010 08:45,January
12/01/2010 08:45,January
12/01/2010 08:45,January
12/01/2010 08:45,January
12/01/2010 08:45,January
12/01/2010 08:45,January
12/01/2010 08:45,January
12/01/2010 09:00,January
12/01/2010 09:01,January
12/01/2010 09:01,January
12/01/2010 09:02,January
12/01/2010 09:02,January
12/01/2010 09:02,January
12/01/2010 09:02,January
12/01/2010 09:02,January
12/01/2010 09:02,January
12/01/2010 09:02,January
12/01/2010 09:02,January
12/01/2010 09:02,January
12/01/2010 09:02,January
12/01/2010 09:02,January
12/01/2010 09:02,January
12/01/2010 09:02,January
12/01/2010 09:02,January
12/01/2010 09:02,January
12/01/2010 09:02,January
12/01/2010 09:09,January
12/01/2010 09:32,January
12/01/2010 09:32,January
12/01/2010 09:32,January
12/01/2010 09:32,January
12/01/2010 09:32,January
12/01/2010 09:32,January
12/01/2010 09:32,January
12/01/2010 09:32,January
12/01/2010 09:32,January
12/01/2010 09:32,January
12/01/2010 09:32,January
12/01/2010 09:32,January
12/01/2010 09:32,January
12/01/2010 09:32,January
12/01/2010 09:32,January
12/01/2010 09:32,January
12/01/2010 09:32,January
12/01/2010 09:32,January
12/01/2010 09:34,January
12/01/2010 09:34,January
12/01/2010 09:37,January
12/01/2010 09:37,January
12/01/2010 09:37,January
12/01/2010 09:37,January
12/01/2010 09:37,January
12/01/2010 09:37,January
12/01/2010 09:37,January
12/01/2010 09:37,January
12/01/2010 09:37,January
12/01/2010 09:37,January
12/01/2010 09:37,January
12/01/2010 09:37,January
12/01/2010 09:37,January
12/01/2010 09:37,January
12/01/2010 09:37,January
12/01/2010 09:37,January
12/01/2010 09:37,January
12/01/2010 09:37,January
12/01/2010 09:37,January
12/01/2010 09:41,January
12/01/2010 09:41,January
12/01/2010 09:41,January
12/01/2010 09:41,January
12/01/2010 09:41,January
12/01/2010 09:41,January
12/01/2010 09:41,January
12/01/2010 09:41,January
12/01/2010 09:41,January
12/01/2010 09:41,January
12/01/2010 09:41,January
12/01/2010 09:41,January
12/01/2010 09:41,January
12/01/2010 09:41,January
12/01/2010 09:41,January
12/01/2010 09:41,January
12/01/2010 09:41,January
12/01/2010 09:41,January
12/01/2010 09:41,January
12/01/2010 09:41,January
12/01/2010 09:41,January
12/01/2010 09:41,January
12/01/2010 09:41,January
12/01/2010 09:41,January
12/01/2010 09:41,January
12/01/2010 09:41,January
12/01/2010 09:41,January
12/01/2010 09:41,January
12/01/2010 09:41,January
12/01/2010 09:41,January
12/01/2010 09:41,January
12/01/2010 09:41,January
12/01/2010 09:41,January
12/01/2010 09:41,January
12/01/2010 09:41,January
12/01/2010 09:41,January
12/01/2010 09:45,January
12/01/2010 09:45,January
12/01/2010 09:45,January
12/01/2010 09:45,January
12/01/2010 09:45,January
12/01/2010 09:45,January
12/01/2010 09:45,January
12/01/2010 09:45,January
12/01/2010 09:45,January
12/01/2010 09:45,January
12/01/2010 09:45,January
12/01/2010 09:45,January
12/01/2010 09:53,January
12/01/2010 09:53,January
12/01/2010 09:53,January
12/01/2010 09:53,January
12/01/2010 09:53,January
12/01/2010 09:53,January
12/01/2010 09:53,January
12/01/2010 09:53,January
12/01/2010 09:53,January
12/01/2010 09:53,January
12/01/2010 09:53,January
12/01/2010 09:53,January
12/01/2010 09:53,January
12/01/2010 09:56,January
12/01/2010 09:56,January
12/01/2010 09:56,January
12/01/2010 09:56,January
12/01/2010 09:56,January
12/01/2010 09:56,January
12/01/2010 09:56,January
12/01/2010 09:57,January
12/01/2010 09:57,January
12/01/2010 09:57,January
12/01/2010 09:58,January
12/01/2010 09:58,January
12/01/2010 09:58,January
12/01/2010 09:58,January
12/01/2010 09:58,January
12/01/2010 09:59,January
12/01/2010 09:59,January
12/01/2010 09:59,January
12/01/2010 09:59,January
12/01/2010 09:59,January
12/01/2010 09:59,January
12/01/2010 09:59,January
12/01/2010 09:59,January
12/01/2010 09:59,January
12/01/2010 09:59,January
12/01/2010 09:59,January
12/01/2010 09:59,January
12/01/2010 09:59,January
12/01/2010 09:59,January
12/01/2010 10:03,January
12/01/2010 10:03,January
12/01/2010 10:03,January
12/01/2010 10:03,January
12/01/2010 10:03,January
12/01/2010 10:03,January
12/01/2010 10:03,January
12/01/2010 10:03,January
12/01/2010 10:03,January
12/01/2010 10:03,January
12/01/2010 10:03,January
12/01/2010 10:03,January
12/01/2010 10:03,January
12/01/2010 10:03,January
12/01/2010 10:19,January
12/01/2010 10:19,January
12/01/2010 10:19,January
12/01/2010 10:19,January
12/01/2010 10:19,January
12/01/2010 10:19,January
12/01/2010 10:19,January
12/01/2010 10:19,January
12/01/2010 10:19,January
12/01/2010 10:19,January
12/01/2010 10:19,January
12/01/2010 10:19,January
12/01/2010 10:19,January
12/01/2010 10:19,January
12/01/2010 10:19,January
12/01/2010 10:19,January
12/01/2010 10:19,January
12/01/2010 10:19,January
12/01/2010 10:19,January
12/01/2010 10:19,January
12/01/2010 10:19,January
12/01/2010 10:19,January
12/01/2010 10:19,January
12/01/2010 10:19,January
12/01/2010 10:29,January
12/01/2010 10:29,January
12/01/2010 10:29,January
12/01/2010 10:29,January
12/01/2010 10:29,January
12/01/2010 10:29,January
12/01/2010 10:29,January
12/01/2010 10:29,January
12/01/2010 10:29,January
12/01/2010 10:29,January
12/01/2010 10:37,January
12/01/2010 10:39,January
12/01/2010 10:39,January
12/01/2010 10:39,January
12/01/2010 10:39,January
12/01/2010 10:39,January
12/01/2010 10:39,January
12/01/2010 10:39,January
12/01/2010 10:39,January
12/01/2010 10:39,January
12/01/2010 10:39,January
12/01/2010 10:39,January
12/01/2010 10:47,January
12/01/2010 10:47,January
12/01/2010 10:47,January
12/01/2010 10:47,January
12/01/2010 10:47,January
12/01/2010 10:47,January
12/01/2010 10:47,January
12/01/2010 10:47,January
12/01/2010 10:47,January
12/01/2010 10:47,January
12/01/2010 10:47,January
12/01/2010 10:47,January
12/01/2010 10:47,January
12/01/2010 10:47,January
12/01/2010 10:51,January
12/01/2010 10:51,January
12/01/2010 10:51,January
12/01/2010 10:51,January
12/01/2010 10:51,January
12/01/2010 10:51,January
12/01/2010 10:51,January
12/01/2010 10:51,January
12/01/2010 10:51,January
12/01/2010 10:51,January
12/01/2010 10:51,January
12/01/2010 10:51,January
12/01/2010 10:51,January
12/01/2010 10:51,January
12/01/2010 10:51,January
12/01/2010 10:51,January
12/01/2010 10:51,January
12/01/2010 10:51,January
12/01/2010 10:51,January
12/01/2010 10:51,January
12/01/2010 10:52,January
12/01/2010 10:52,January
12/01/2010 10:52,January
12/01/2010 10:52,January
12/01/2010 10:52,January
12/01/2010 10:52,January
12/01/2010 10:52,January
12/01/2010 10:52,January
12/01/2010 10:52,January
12/01/2010 10:52,January
12/01/2010 10:52,January
12/01/2010 10:52,January
12/01/2010 10:52,January
12/01/2010 10:52,January
12/01/2010 10:52,January
12/01/2010 10:52,January
12/01/2010 10:52,January
12/01/2010 10:52,January
12/01/2010 10:52,January
12/01/2010 10:53,January
12/01/2010 11:21,January
12/01/2010 11:21,January
12/01/2010 11:21,January
12/01/2010 11:21,January
12/01/2010 11:21,January
12/01/2010 11:21,January
12/01/2010 11:21,January
12/01/2010 11:21,January
12/01/2010 11:21,January
12/01/2010 11:21,January
12/01/2010 11:21,January
12/01/2010 11:21,January
12/01/2010 11:21,January
12/01/2010 11:21,January
12/01/2010 11:21,January
12/01/2010 11:21,January
12/01/2010 11:21,January
12/01/2010 11:21,January
12/01/2010 11:21,January
12/01/2010 11:21,January
12/01/2010 11:21,January
12/01/2010 11:21,January
12/01/2010 11:21,January
12/01/2010 11:21,January
12/01/2010 11:21,January
12/01/2010 11:21,January
12/01/2010 11:21,January
12/01/2010 11:21,January
12/01/2010 11:21,January
12/01/2010 11:21,January
12/01/2010 11:21,January
12/01/2010 11:21,January
12/01/2010 11:21,January
12/01/2010 11:21,January
12/01/2010 11:21,January
12/01/2010 11:21,January
12/01/2010 11:21,January
12/01/2010 11:21,January
12/01/2010 11:21,January
12/01/2010 11:21,January
12/01/2010 11:21,January
12/01/2010 11:21,January
12/01/2010 11:21,January
12/01/2010 11:21,January
12/01/2010 11:21,January
12/01/2010 11:21,January
12/01/2010 11:21,January
12/01/2010 11:21,January
12/01/2010 11:21,January
12/01/2010 11:21,January
12/01/2010 11:21,January
12/01/2010 11:21,January
12/01/2010 11:21,January
12/01/2010 11:21,January
12/01/2010 11:21,January
12/01/2010 11:21,January
12/01/2010 11:21,January
12/01/2010 11:21,January
12/01/2010 11:21,January
12/01/2010 11:21,January
12/01/2010 11:21,January
12/01/2010 11:21,January
12/01/2010 11:21,January
12/01/2010 11:21,January
12/01/2010 11:22,January
12/01/2010 11:22,January
12/01/2010 11:22,January
12/01/2010 11:27,January
12/01/2010 11:27,January
12/01/2010 11:29,January
12/01/2010 11:29,January
12/01/2010 11:29,January
12/01/2010 11:29,January
12/01/2010 11:29,January
12/01/2010 11:29,January
12/01/2010 11:29,January
12/01/2010 11:29,January
12/01/2010 11:29,January
12/01/2010 11:29,January
12/01/2010 11:29,January
12/01/2010 11:29,January
12/01/2010 11:29,January
12/01/2010 11:29,January
12/01/2010 11:29,January
12/01/2010 11:29,January
12/01/2010 11:29,January
12/01/2010 11:29,January
12/01/2010 11:29,January
12/01/2010 11:29,January
12/01/2010 11:29,January
12/01/2010 11:29,January
12/01/2010 11:29,January
12/01/2010 11:29,January
12/01/2010 11:29,January
12/01/2010 11:29,January
12/01/2010 11:29,January
12/01/2010 11:29,January
12/01/2010 11:32,January
12/01/2010 11:33,January
12/01/2010 11:33,January
12/01/2010 11:33,January
